{"Complaint": {"precision": 0.6666666666666666, "recall": 0.4, "f1-score": 0.5, "support": 5.0}, "Compliment": {"precision": 0.6666666666666666, "recall": 0.8, "f1-score": 0.7272727272727273, "support": 5.0}, "Inquiry": {"precision": 0.8, "recall": 0.8, "f1-score": 0.8, "support": 5.0}, "Suggestion": {"precision": 0.6666666666666666, "recall": 0.8, "f1-score": 0.7272727272727273, "support": 5.0}, "accuracy": 0.7, "macro avg": {"precision": 0.7, "recall": 0.7, "f1-score": 0.6886363636363637, "support": 20.0}, "weighted avg": {"precision": 0.7, "recall": 0.7, "f1-score": 0.6886363636363637, "support": 20.0}}